date,path,violations,rule:asset-export,rule:canonical-hook,rule:css-module,rule:semantic-time,rule:sr-only,rule:memo-displayname,rule:font-loader,prohib:set-interval,prohib:inline-style,prohib:enhanced-font-loader,prohib:deprecated-clock-utils,prohib:root-not-main,prohib:no-assets,has_css_module
25-04-01,src/pages/2025/25-04/25-04-01/Clock.tsx,9,0,0,0,0,0,0,1,0,0,1,1,0,1,1
25-04-02,src/pages/2025/25-04/25-04-02/Clock.tsx,7,0,1,0,0,0,0,1,0,1,0,0,0,1,1
25-04-03,src/pages/2025/25-04/25-04-03/Clock.tsx,6,0,1,1,0,0,0,1,0,0,0,0,1,1,1
25-04-04,src/pages/2025/25-04/25-04-04/Clock.tsx,7,0,1,0,0,0,0,1,0,1,0,0,0,1,1
25-04-05,src/pages/2025/25-04/25-04-05/Clock.tsx,6,0,1,0,0,0,0,1,0,0,0,0,0,1,1
25-04-06,src/pages/2025/25-04/25-04-06/Clock.tsx,8,0,1,0,0,0,0,1,1,1,0,0,0,1,1
25-04-07,src/pages/2025/25-04/25-04-07/Clock.tsx,6,0,1,0,0,0,0,1,0,0,0,0,0,1,1
25-04-08,src/pages/2025/25-04/25-04-08/Clock.tsx,7,0,1,0,0,0,0,1,0,1,0,0,0,1,1
25-04-09,src/pages/2025/25-04/25-04-09/Clock.tsx,8,0,0,0,0,0,0,1,0,0,0,1,0,1,1
25-04-10,src/pages/2025/25-04/25-04-10/Clock.tsx,6,0,1,0,0,0,0,1,0,0,0,0,0,1,1
25-04-11,src/pages/2025/25-04/25-04-11/Clock.tsx,6,0,1,0,0,0,0,1,0,0,0,0,0,1,1
25-04-12,src/pages/2025/25-04/25-04-12/Clock.tsx,7,0,1,0,0,0,0,1,0,1,0,0,0,1,1
25-04-13,src/pages/2025/25-04/25-04-13/Clock.tsx,6,0,1,0,0,0,0,1,0,0,0,0,0,1,1
25-04-14,src/pages/2025/25-04/25-04-14/Clock.tsx,7,0,1,0,0,0,0,1,0,1,0,0,0,1,1
25-04-15,src/pages/2025/25-04/25-04-15/Clock.tsx,7,0,1,0,0,0,0,1,0,1,0,0,0,1,1
25-04-16,src/pages/2025/25-04/25-04-16/Clock.tsx,4,1,1,1,0,0,0,1,0,0,0,0,1,0,1
25-04-17,src/pages/2025/25-04/25-04-17/Clock.tsx,6,0,1,0,0,0,0,1,0,0,0,0,0,1,0
25-04-18,src/pages/2025/25-04/25-04-18/Clock.tsx,8,0,0,0,0,0,0,1,0,1,0,0,0,1,1
25-04-19,src/pages/2025/25-04/25-04-19/Clock.tsx,5,0,1,1,0,0,0,1,0,0,0,0,0,1,1
25-04-20,src/pages/2025/25-04/25-04-20/Clock.tsx,7,0,1,0,0,0,0,1,0,1,0,0,0,1,1
25-04-21,src/pages/2025/25-04/25-04-21/Clock.tsx,7,0,1,0,0,0,0,1,0,1,0,0,0,1,1
25-04-22,src/pages/2025/25-04/25-04-22/Clock.tsx,6,0,1,0,0,0,0,1,0,0,0,0,0,1,1
25-04-23,src/pages/2025/25-04/25-04-23/Clock.tsx,7,0,1,0,0,0,0,1,0,1,0,0,0,1,1
25-04-24,src/pages/2025/25-04/25-04-24/Clock.tsx,6,0,1,0,0,0,0,1,0,0,0,0,0,1,1
25-04-25,src/pages/2025/25-04/25-04-25/Clock.tsx,1,1,1,1,1,0,1,1,0,0,0,0,0,0,1
25-04-26,src/pages/2025/25-04/25-04-26/Clock.tsx,7,0,1,0,0,0,0,1,0,1,0,0,0,1,1
25-04-27,src/pages/2025/25-04/25-04-27/Clock.tsx,8,0,1,0,0,0,0,1,1,1,0,0,0,1,1
25-04-28,src/pages/2025/25-04/25-04-28/Clock.tsx,8,0,1,0,0,0,0,1,1,1,0,0,0,1,1
25-04-29,src/pages/2025/25-04/25-04-29/Clock.tsx,7,0,1,0,0,0,0,1,0,1,0,0,0,1,1
25-04-30,src/pages/2025/25-04/25-04-30/Clock.tsx,5,0,1,1,1,0,0,1,1,0,0,0,0,1,1
25-05-01,src/pages/2025/25-05/25-05-01/Clock.tsx,7,0,1,0,0,0,0,1,0,1,0,0,0,1,0
25-05-02,src/pages/2025/25-05/25-05-02/Clock.tsx,6,0,0,1,1,0,0,1,0,0,0,1,0,1,1
25-05-03,src/pages/2025/25-05/25-05-03/Clock.tsx,8,0,0,0,0,0,0,1,0,0,0,1,0,1,0
25-05-04,src/pages/2025/25-05/25-05-04/Clock.tsx,8,0,1,0,0,0,0,1,1,1,0,0,0,1,0
25-05-05,src/pages/2025/25-05/25-05-05/Clock.tsx,6,0,1,0,0,0,0,1,0,0,0,0,0,1,0
25-05-06,src/pages/2025/25-05/25-05-06/Clock.tsx,9,0,0,0,0,0,0,1,1,1,0,0,0,1,0
25-05-07,src/pages/2025/25-05/25-05-07/Clock.tsx,7,0,1,0,0,0,0,1,0,1,0,0,0,1,0
25-05-08,src/pages/2025/25-05/25-05-08/Clock.tsx,8,0,1,0,0,0,0,1,1,1,0,0,0,1,0
25-05-09,src/pages/2025/25-05/25-05-09/Clock.tsx,8,0,0,0,0,0,0,1,0,1,0,0,0,1,0
25-05-10,src/pages/2025/25-05/25-05-10/Clock.tsx,9,0,0,0,0,0,0,1,1,0,1,0,0,1,0
25-05-11,src/pages/2025/25-05/25-05-11/Clock.tsx,6,0,0,1,1,0,0,1,0,0,0,1,0,1,1
25-05-12,src/pages/2025/25-05/25-05-12/Clock.tsx,7,0,1,0,0,0,0,1,1,0,0,0,0,1,0
25-05-13,src/pages/2025/25-05/25-05-13/Clock.tsx,7,0,1,0,0,0,0,1,0,1,0,0,0,1,0
25-05-14,src/pages/2025/25-05/25-05-14/Clock.tsx,6,0,1,0,0,0,0,1,0,0,0,0,0,1,0
25-05-15,src/pages/2025/25-05/25-05-15/Clock.tsx,8,0,1,0,0,0,0,1,1,1,0,0,0,1,0
25-05-16,src/pages/2025/25-05/25-05-16/Clock.tsx,10,0,0,0,0,0,0,0,0,1,0,1,0,1,0
25-05-17,src/pages/2025/25-05/25-05-17/Clock.tsx,8,0,0,0,0,0,0,1,1,0,0,0,0,1,0
25-05-18,src/pages/2025/25-05/25-05-18/Clock.tsx,9,0,0,0,0,0,0,0,0,0,0,1,0,1,0
25-05-19,src/pages/2025/25-05/25-05-19/Clock.tsx,10,0,0,0,0,0,0,0,0,1,0,1,0,1,0
25-05-20,src/pages/2025/25-05/25-05-20/Clock.tsx,8,0,0,0,0,0,0,1,0,1,0,0,0,1,0
25-05-21,src/pages/2025/25-05/25-05-21/Clock.tsx,9,0,0,0,0,0,0,0,0,0,0,1,0,1,0
25-05-22,src/pages/2025/25-05/25-05-22/Clock.tsx,10,0,0,0,0,0,0,0,1,1,0,0,0,1,0
25-05-23,src/pages/2025/25-05/25-05-23/Clock.tsx,10,0,0,0,0,0,0,0,0,1,0,1,0,1,0
25-05-24,src/pages/2025/25-05/25-05-24/Clock.tsx,5,0,1,1,0,0,0,1,0,0,0,0,0,1,1
25-05-25,src/pages/2025/25-05/25-05-25/Clock.tsx,9,0,0,0,0,0,0,0,1,0,0,0,0,1,0
25-05-26,src/pages/2025/25-05/25-05-26/Clock.tsx,9,0,0,0,0,0,0,0,1,0,0,0,0,1,0
25-05-27,src/pages/2025/25-05/25-05-27/Clock.tsx,8,0,0,0,0,0,0,1,0,0,0,1,0,1,0
25-05-28,src/pages/2025/25-05/25-05-28/Clock.tsx,8,0,0,0,0,0,0,0,0,0,0,0,0,1,0
25-05-29,src/pages/2025/25-05/25-05-29/Clock.tsx,10,0,0,0,0,0,0,0,1,1,0,0,0,1,0
25-05-30,src/pages/2025/25-05/25-05-30/Clock.tsx,8,0,0,1,0,0,0,0,0,0,0,1,0,1,1
25-05-31,src/pages/2025/25-05/25-05-31/Clock.tsx,8,0,0,0,0,0,0,0,0,0,0,0,0,1,0
25-06-01,src/pages/2025/25-06/25-06-01/Clock.tsx,9,0,0,0,0,0,0,0,0,0,0,1,0,1,0
25-06-02,src/pages/2025/25-06/25-06-02/Clock.tsx,9,0,0,0,0,0,0,1,1,0,0,1,0,1,0
25-06-03,src/pages/2025/25-06/25-06-03/Clock.tsx,8,0,0,0,0,0,0,1,0,1,0,0,0,1,0
25-06-04,src/pages/2025/25-06/25-06-04/Clock.tsx,9,0,0,0,0,0,0,0,1,0,0,0,0,1,0
25-06-05,src/pages/2025/25-06/25-06-05/Clock.tsx,9,0,0,0,0,0,0,0,0,0,0,1,0,1,0
25-06-06,src/pages/2025/25-06/25-06-06/Clock.tsx,11,0,0,0,0,0,0,0,1,1,0,1,0,1,0
25-06-07,src/pages/2025/25-06/25-06-07/Clock.tsx,8,0,0,0,0,0,0,0,0,0,0,0,0,1,0
25-06-08,src/pages/2025/25-06/25-06-08/Clock.tsx,8,0,0,0,0,0,0,1,0,1,0,0,0,1,0
25-06-09,src/pages/2025/25-06/25-06-09/Clock.tsx,8,0,0,0,0,0,0,0,0,0,0,0,0,1,0
25-06-10,src/pages/2025/25-06/25-06-10/Clock.tsx,9,0,0,0,0,0,0,0,1,0,0,0,0,1,0
25-06-11,src/pages/2025/25-06/25-06-11/Clock.tsx,10,0,0,0,0,0,0,0,1,1,0,0,0,1,0
25-06-12,src/pages/2025/25-06/25-06-12/Clock.tsx,9,0,0,0,0,0,0,1,1,1,0,0,0,1,0
25-06-13,src/pages/2025/25-06/25-06-13/Clock.tsx,9,0,0,0,0,0,0,1,1,1,0,0,0,1,0
25-06-14,src/pages/2025/25-06/25-06-14/Clock.tsx,8,0,0,0,0,0,0,1,1,0,0,0,0,1,0
25-06-15,src/pages/2025/25-06/25-06-15/Clock.tsx,8,0,0,0,0,0,0,1,1,0,0,0,0,1,0
25-06-16,src/pages/2025/25-06/25-06-16/Clock.tsx,9,0,0,0,0,0,0,0,0,1,0,0,0,1,0
25-06-17,src/pages/2025/25-06/25-06-17/Clock.tsx,8,0,0,0,0,0,0,0,0,0,0,0,0,1,0
25-06-18,src/pages/2025/25-06/25-06-18/Clock.tsx,9,0,0,0,0,0,0,0,0,0,0,1,0,1,0
25-06-19,src/pages/2025/25-06/25-06-19/Clock.tsx,5,0,1,1,0,0,0,1,0,0,0,0,0,1,1
25-06-20,src/pages/2025/25-06/25-06-20/Clock.tsx,9,0,0,0,0,0,0,1,1,1,0,0,0,1,0
25-06-21,src/pages/2025/25-06/25-06-21/Clock.tsx,9,0,0,0,0,0,0,0,0,1,0,0,0,1,0
25-06-22,src/pages/2025/25-06/25-06-22/Clock.tsx,8,0,0,0,0,0,0,1,0,0,0,1,0,1,0
25-06-23,src/pages/2025/25-06/25-06-23/Clock.tsx,8,0,0,0,0,0,0,0,0,0,0,0,0,1,0
25-06-24,src/pages/2025/25-06/25-06-24/Clock.tsx,9,0,0,0,0,0,0,0,0,0,0,1,0,1,0
25-06-25,src/pages/2025/25-06/25-06-25/Clock.tsx,9,0,0,0,0,0,0,1,1,1,0,0,0,1,0
25-06-26,src/pages/2025/25-06/25-06-26/Clock.tsx,10,0,0,0,0,0,0,0,1,1,0,0,0,1,0
25-06-27,src/pages/2025/25-06/25-06-27/Clock.tsx,9,0,0,0,0,0,0,0,0,0,0,1,0,1,0
25-06-28,src/pages/2025/25-06/25-06-28/Clock.tsx,8,0,0,0,0,0,0,0,0,0,0,0,0,1,0
25-06-29,src/pages/2025/25-06/25-06-29/Clock.tsx,10,0,0,0,0,0,0,0,1,1,0,0,0,1,0
25-06-30,src/pages/2025/25-06/25-06-30/Clock.tsx,9,0,0,0,0,0,0,1,1,1,0,0,0,1,0
25-07-01,src/pages/2025/25-07/25-07-01/Clock.tsx,10,0,0,0,0,0,0,0,1,1,0,0,0,1,0
25-07-02,src/pages/2025/25-07/25-07-02/Clock.tsx,10,0,0,0,0,0,0,0,1,1,0,0,0,1,0
25-07-03,src/pages/2025/25-07/25-07-03/Clock.tsx,8,0,0,0,0,0,0,0,0,0,0,0,0,1,0
25-07-04,src/pages/2025/25-07/25-07-04/Clock.tsx,9,0,0,0,0,0,0,0,0,1,0,0,0,1,0
25-07-05,src/pages/2025/25-07/25-07-05/Clock.tsx,6,0,1,0,0,0,0,1,0,0,0,0,0,1,0
25-07-06,src/pages/2025/25-07/25-07-06/Clock.tsx,10,0,0,0,0,0,0,0,0,1,0,1,0,1,0
25-07-07,src/pages/2025/25-07/25-07-07/Clock.tsx,9,0,0,0,0,0,0,0,1,0,0,0,0,1,0
25-07-08,src/pages/2025/25-07/25-07-08/Clock.tsx,10,0,0,0,0,0,0,0,1,1,0,0,0,1,0
25-07-09,src/pages/2025/25-07/25-07-09/Clock.tsx,7,0,0,0,0,0,0,1,0,0,0,0,0,1,0
25-07-10,src/pages/2025/25-07/25-07-10/Clock.tsx,9,0,0,0,0,0,0,0,1,0,0,0,0,1,0
25-07-11,src/pages/2025/25-07/25-07-11/Clock.tsx,9,0,0,0,0,0,0,0,1,0,0,0,0,1,0
25-07-12,src/pages/2025/25-07/25-07-12/Clock.tsx,10,0,0,0,0,0,0,0,1,1,0,0,0,1,0
25-07-13,src/pages/2025/25-07/25-07-13/Clock.tsx,9,0,0,0,0,0,0,0,1,0,0,0,0,1,0
25-07-14,src/pages/2025/25-07/25-07-14/Clock.tsx,8,0,0,0,0,0,0,1,1,0,0,0,0,1,0
25-07-15,src/pages/2025/25-07/25-07-15/Clock.tsx,9,0,0,0,0,0,0,0,1,0,0,0,0,1,0
25-07-16,src/pages/2025/25-07/25-07-16/Clock.tsx,9,0,0,0,0,0,0,0,1,0,0,0,0,1,0
25-07-17,src/pages/2025/25-07/25-07-17/Clock.tsx,9,0,0,0,0,0,0,0,0,1,0,0,0,1,0
25-07-18,src/pages/2025/25-07/25-07-18/Clock.tsx,9,0,0,0,0,0,0,0,1,0,0,0,0,1,0
25-07-19,src/pages/2025/25-07/25-07-19/Clock.tsx,10,0,0,0,0,0,0,0,1,1,0,0,0,1,0
25-07-20,src/pages/2025/25-07/25-07-20/Clock.tsx,10,0,0,0,0,0,0,0,1,1,0,0,0,1,0
25-07-21,src/pages/2025/25-07/25-07-21/Clock.tsx,9,0,0,0,0,0,0,1,1,1,0,0,0,1,0
25-07-22,src/pages/2025/25-07/25-07-22/Clock.tsx,10,0,0,0,0,0,0,0,1,1,0,0,0,1,0
25-07-23,src/pages/2025/25-07/25-07-23/Clock.tsx,10,0,0,0,0,0,0,0,1,1,0,0,0,1,0
25-07-24,src/pages/2025/25-07/25-07-24/Clock.tsx,7,0,0,0,0,0,0,1,0,0,0,0,0,1,0
25-07-25,src/pages/2025/25-07/25-07-25/Clock.tsx,7,1,0,0,0,0,0,0,0,0,0,1,0,0,0
25-07-26,src/pages/2025/25-07/25-07-26/Clock.tsx,10,0,0,0,0,0,0,0,1,1,0,0,0,1,0
25-07-27,src/pages/2025/25-07/25-07-27/Clock.tsx,10,0,0,0,0,0,0,0,1,1,0,0,0,1,0
25-07-28,src/pages/2025/25-07/25-07-28/Clock.tsx,4,0,1,1,1,0,0,1,0,0,0,0,0,1,1
25-07-29,src/pages/2025/25-07/25-07-29/Clock.tsx,8,0,0,0,0,0,0,0,0,0,0,0,0,1,0
25-07-30,src/pages/2025/25-07/25-07-30/Clock.tsx,8,0,0,0,0,0,0,0,0,0,0,0,0,1,0
25-07-31,src/pages/2025/25-07/25-07-31/Clock.tsx,10,0,0,0,0,0,0,0,0,1,0,1,0,1,0
25-08-01,src/pages/2025/25-08/25-08-01/Clock.tsx,8,0,0,0,0,0,0,0,0,0,0,0,0,1,0
25-08-02,src/pages/2025/25-08/25-08-02/Clock.tsx,4,1,0,1,1,0,0,1,0,0,0,1,0,0,1
25-08-03,src/pages/2025/25-08/25-08-03/Clock.tsx,9,0,0,0,0,0,0,0,1,0,0,0,0,1,0
25-08-04,src/pages/2025/25-08/25-08-04/Clock.tsx,9,0,0,0,0,0,0,0,0,0,0,1,0,1,0
25-08-05,src/pages/2025/25-08/25-08-05/Clock.tsx,7,0,0,0,0,0,0,1,0,0,0,0,0,1,0
25-08-06,src/pages/2025/25-08/25-08-06/Clock.tsx,9,0,0,0,0,0,0,0,0,1,0,0,0,1,0
25-08-07,src/pages/2025/25-08/25-08-07/Clock.tsx,9,0,0,0,0,0,0,0,1,0,0,0,0,1,0
25-08-08,src/pages/2025/25-08/25-08-08/Clock.tsx,10,0,0,0,0,0,0,0,0,1,0,1,0,1,0
25-08-09,src/pages/2025/25-08/25-08-09/Clock.tsx,1,1,1,1,1,0,1,1,0,0,0,0,0,0,1
25-08-10,src/pages/2025/25-08/25-08-10/Clock.tsx,8,0,0,0,0,0,0,1,1,0,0,0,0,1,0
25-08-11,src/pages/2025/25-08/25-08-11/Clock.tsx,10,0,0,0,0,0,0,0,0,1,0,1,0,1,0
25-08-12,src/pages/2025/25-08/25-08-12/Clock.tsx,10,0,0,0,0,0,0,0,0,1,0,1,0,1,0
25-08-13,src/pages/2025/25-08/25-08-13/Clock.tsx,8,0,0,0,0,0,0,1,1,0,0,0,0,1,0
25-08-14,src/pages/2025/25-08/25-08-14/Clock.tsx,8,0,0,0,0,0,0,0,0,0,0,0,0,1,0
25-08-15,src/pages/2025/25-08/25-08-15/Clock.tsx,9,0,0,0,0,0,0,0,0,0,0,1,0,1,0
25-08-16,src/pages/2025/25-08/25-08-16/Clock.tsx,10,0,0,0,0,0,0,0,0,1,0,1,0,1,0
25-08-17,src/pages/2025/25-08/25-08-17/Clock.tsx,10,0,0,0,0,0,0,0,0,1,0,1,0,1,0
25-08-18,src/pages/2025/25-08/25-08-18/Clock.tsx,10,0,0,0,0,0,0,0,0,1,0,1,0,1,0
25-08-19,src/pages/2025/25-08/25-08-19/Clock.tsx,10,0,0,0,0,0,0,0,1,1,0,0,0,1,0
25-08-20,src/pages/2025/25-08/25-08-20/Clock.tsx,6,0,1,1,0,0,0,1,0,0,0,0,1,1,1
25-08-21,src/pages/2025/25-08/25-08-21/Clock.tsx,7,0,0,1,0,0,0,1,0,0,0,0,1,1,1
25-08-22,src/pages/2025/25-08/25-08-22/Clock.tsx,8,0,0,0,0,0,0,1,1,0,0,0,0,1,0
25-08-23,src/pages/2025/25-08/25-08-23/Clock.tsx,10,0,0,0,0,0,0,0,0,1,0,1,0,1,0
25-08-24,src/pages/2025/25-08/25-08-24/Clock.tsx,9,0,0,0,0,0,0,0,1,0,0,0,0,1,0
25-08-25,src/pages/2025/25-08/25-08-25/Clock.tsx,7,0,0,0,1,0,0,1,0,0,0,1,0,1,0
25-08-26,src/pages/2025/25-08/25-08-26/Clock.tsx,9,0,0,0,0,0,0,0,1,0,0,0,0,1,0
25-08-27,src/pages/2025/25-08/25-08-27/Clock.tsx,6,1,0,0,1,0,0,1,0,0,1,1,0,0,0
25-08-28,src/pages/2025/25-08/25-08-28/Clock.tsx,9,0,0,0,0,0,0,0,0,0,0,1,0,1,0
25-08-29,src/pages/2025/25-08/25-08-29/Clock.tsx,8,0,0,0,0,0,0,1,0,0,0,1,0,1,0
25-08-30,src/pages/2025/25-08/25-08-30/Clock.tsx,10,0,0,0,0,0,0,0,0,1,0,1,0,1,0
25-08-31,src/pages/2025/25-08/25-08-31/Clock.tsx,8,0,0,0,0,0,0,1,0,1,0,0,0,1,0
25-09-01,src/pages/2025/25-09/25-09-01/Clock.tsx,8,0,0,0,0,0,0,1,0,0,0,1,0,1,0
25-09-02,src/pages/2025/25-09/25-09-02/Clock.tsx,1,1,1,1,1,0,1,1,0,0,0,0,0,0,1
25-09-03,src/pages/2025/25-09/25-09-03/Clock.tsx,10,0,0,0,0,0,0,0,0,1,0,1,0,1,0
25-09-04,src/pages/2025/25-09/25-09-04/Clock.tsx,8,0,0,0,0,0,0,1,0,0,0,1,0,1,0
25-09-05,src/pages/2025/25-09/25-09-05/Clock.tsx,10,0,0,0,0,0,0,0,0,1,0,1,0,1,0
25-09-06,src/pages/2025/25-09/25-09-06/Clock.tsx,10,0,0,0,0,0,0,0,0,1,0,1,0,1,0
25-09-07,src/pages/2025/25-09/25-09-07/Clock.tsx,9,0,0,0,0,0,0,0,0,0,0,1,0,1,0
25-09-08,src/pages/2025/25-09/25-09-08/Clock.tsx,8,0,0,0,0,0,0,1,0,0,0,1,0,1,0
25-09-09,src/pages/2025/25-09/25-09-09/Clock.tsx,8,0,0,0,0,0,0,0,0,0,0,0,0,1,0
25-09-10,src/pages/2025/25-09/25-09-10/Clock.tsx,9,0,0,0,0,0,0,0,0,1,0,0,0,1,0
25-09-11,src/pages/2025/25-09/25-09-11/Clock.tsx,9,0,0,0,0,0,0,1,0,1,0,1,0,1,0
25-09-12,src/pages/2025/25-09/25-09-12/Clock.tsx,7,0,0,0,0,0,0,1,0,0,0,0,0,1,0
25-09-13,src/pages/2025/25-09/25-09-13/Clock.tsx,8,0,0,0,0,0,0,1,0,0,0,1,0,1,0
25-09-14,src/pages/2025/25-09/25-09-14/Clock.tsx,7,0,0,0,0,0,0,1,0,0,0,0,0,1,0
25-09-15,src/pages/2025/25-09/25-09-15/Clock.tsx,9,0,0,0,0,0,0,1,1,0,0,1,0,1,0
25-09-16,src/pages/2025/25-09/25-09-16/Clock.tsx,7,0,0,0,1,0,0,1,0,0,0,1,0,1,0
25-09-17,src/pages/2025/25-09/25-09-17/Clock.tsx,9,0,0,0,0,0,0,1,1,0,0,1,0,1,0
25-09-18,src/pages/2025/25-09/25-09-18/Clock.tsx,8,0,0,0,0,0,0,1,0,0,0,1,0,1,0
25-09-19,src/pages/2025/25-09/25-09-19/Clock.tsx,8,0,0,0,0,0,0,1,0,0,1,0,0,1,0
25-09-20,src/pages/2025/25-09/25-09-20/Clock.tsx,8,0,0,0,0,0,0,1,0,1,0,0,0,1,0
25-09-21,src/pages/2025/25-09/25-09-21/Clock.tsx,7,0,0,0,0,0,0,1,0,0,0,0,0,1,0
25-09-22,src/pages/2025/25-09/25-09-22/Clock.tsx,6,0,1,0,0,0,0,1,0,0,0,0,0,1,0
25-09-23,src/pages/2025/25-09/25-09-23/Clock.tsx,8,0,0,0,0,0,0,1,0,1,0,0,0,1,0
25-09-24,src/pages/2025/25-09/25-09-24/Clock.tsx,8,0,0,0,0,0,0,1,0,1,0,0,0,1,0
25-09-25,src/pages/2025/25-09/25-09-25/Clock.tsx,8,0,0,0,0,0,0,1,0,1,0,0,0,1,0
25-09-26,src/pages/2025/25-09/25-09-26/Clock.tsx,8,0,0,0,0,0,0,1,0,0,0,1,0,1,0
25-09-27,src/pages/2025/25-09/25-09-27/Clock.tsx,7,0,0,0,0,0,0,1,0,0,0,0,0,1,0
25-09-28,src/pages/2025/25-09/25-09-28/Clock.tsx,10,0,0,0,0,0,0,1,1,1,0,1,0,1,0
25-09-29,src/pages/2025/25-09/25-09-29/Clock.tsx,8,0,0,0,0,0,0,1,0,0,0,1,0,1,0
25-09-30,src/pages/2025/25-09/25-09-30/Clock.tsx,9,0,0,0,0,0,0,1,1,1,0,0,0,1,0
25-10-01,src/pages/2025/25-10/25-10-01/Clock.tsx,9,0,0,0,0,0,0,1,1,0,0,1,0,1,0
25-10-02,src/pages/2025/25-10/25-10-02/Clock.tsx,8,0,0,0,0,0,0,1,0,0,0,1,0,1,0
25-10-03,src/pages/2025/25-10/25-10-03/Clock.tsx,8,0,0,0,0,0,0,1,0,1,0,0,0,1,0
25-10-04,src/pages/2025/25-10/25-10-04/Clock.tsx,8,0,0,0,0,0,0,0,0,0,0,0,0,1,0
25-10-05,src/pages/2025/25-10/25-10-05/Clock.tsx,8,0,0,0,0,0,0,1,0,1,0,0,0,1,0
25-10-06,src/pages/2025/25-10/25-10-06/Clock.tsx,8,0,0,0,0,0,0,1,1,0,0,0,0,1,0
25-10-07,src/pages/2025/25-10/25-10-07/Clock.tsx,8,0,0,0,0,0,0,1,0,0,0,1,0,1,0
25-10-08,src/pages/2025/25-10/25-10-08/Clock.tsx,8,0,0,0,0,0,0,1,0,0,0,1,0,1,0
25-10-09,src/pages/2025/25-10/25-10-09/Clock.tsx,8,0,0,0,0,0,0,1,0,0,0,1,0,1,0
25-10-10,src/pages/2025/25-10/25-10-10/Clock.tsx,9,0,0,0,0,0,0,1,1,1,0,0,0,1,0
25-10-11,src/pages/2025/25-10/25-10-11/Clock.tsx,8,0,0,0,0,0,0,1,1,0,0,0,0,1,0
25-10-12,src/pages/2025/25-10/25-10-12/Clock.tsx,7,0,0,0,0,0,0,1,0,0,0,0,0,1,0
25-10-13,src/pages/2025/25-10/25-10-13/Clock.tsx,8,0,0,0,0,0,0,1,1,0,0,0,0,1,0
25-10-14,src/pages/2025/25-10/25-10-14/Clock.tsx,8,0,0,0,0,0,0,1,1,0,0,0,0,1,0
25-10-15,src/pages/2025/25-10/25-10-15/Clock.tsx,8,0,0,0,0,0,0,1,1,0,0,0,0,1,0
25-10-16,src/pages/2025/25-10/25-10-16/Clock.tsx,8,0,0,0,0,0,0,1,1,0,0,0,0,1,0
25-10-17,src/pages/2025/25-10/25-10-17/Clock.tsx,9,0,0,0,0,0,0,1,1,0,0,1,0,1,1
25-10-18,src/pages/2025/25-10/25-10-18/Clock.tsx,8,0,0,0,0,0,0,1,1,0,0,0,0,1,0
25-10-19,src/pages/2025/25-10/25-10-19/Clock.tsx,8,0,0,0,0,0,0,1,1,0,0,0,0,1,0
25-10-20,src/pages/2025/25-10/25-10-20/Clock.tsx,7,0,0,0,0,0,0,1,0,0,0,0,0,1,0
25-10-21,src/pages/2025/25-10/25-10-21/Clock.tsx,8,0,0,0,0,0,0,1,1,0,0,0,0,1,0
25-10-22,src/pages/2025/25-10/25-10-22/Clock.tsx,6,0,1,0,1,0,0,1,0,1,0,0,0,1,0
25-10-23,src/pages/2025/25-10/25-10-23/Clock.tsx,9,0,0,0,0,0,0,1,1,1,0,0,0,1,0
25-10-24,src/pages/2025/25-10/25-10-24/Clock.tsx,9,0,0,0,0,0,0,1,0,1,0,1,0,1,0
25-10-25,src/pages/2025/25-10/25-10-25/Clock.tsx,8,0,0,0,0,0,0,1,1,0,0,0,0,1,0
25-10-26,src/pages/2025/25-10/25-10-26/Clock.tsx,9,0,0,0,0,0,0,1,1,1,0,0,0,1,0
25-10-27,src/pages/2025/25-10/25-10-27/Clock.tsx,8,0,0,0,0,0,0,1,1,0,0,0,0,1,0
25-10-29,src/pages/2025/25-10/25-10-29/Clock.tsx,9,0,0,0,0,0,0,1,1,1,0,0,0,1,0
25-10-30,src/pages/2025/25-10/25-10-30/Clock.tsx,9,0,0,0,0,0,0,0,1,0,0,0,0,1,0
25-10-31,src/pages/2025/25-10/25-10-31/Clock.tsx,5,0,1,0,1,0,0,1,0,0,0,0,0,1,0
25-11-01,src/pages/2025/25-11/25-11-01/Clock.tsx,8,0,0,1,0,0,0,1,1,0,0,0,1,1,1
25-11-02,src/pages/2025/25-11/25-11-02/Clock.tsx,9,0,0,0,0,0,0,0,1,0,0,0,0,1,0
25-11-03,src/pages/2025/25-11/25-11-03/Clock.tsx,9,0,0,1,0,0,0,0,1,0,0,0,1,1,1
25-11-04,src/pages/2025/25-11/25-11-04/Clock.tsx,10,0,0,0,0,0,0,0,1,1,0,0,0,1,0
25-11-05,src/pages/2025/25-11/25-11-05/Clock.tsx,10,0,0,0,0,0,0,0,1,1,0,0,0,1,0
25-11-06,src/pages/2025/25-11/25-11-06/Clock.tsx,8,0,0,0,0,0,0,1,0,0,0,1,0,1,0
25-11-07,src/pages/2025/25-11/25-11-07/Clock.tsx,5,1,0,1,1,0,0,1,0,0,0,1,1,0,1
25-11-08,src/pages/2025/25-11/25-11-08/Clock.tsx,6,0,0,1,0,0,0,1,0,0,0,0,0,1,1
25-11-09,src/pages/2025/25-11/25-11-09/Clock.tsx,8,0,0,0,0,0,0,1,1,0,0,0,0,1,0
25-11-10,src/pages/2025/25-11/25-11-10/Clock.tsx,8,0,0,0,0,0,0,1,1,0,0,0,0,1,0
25-11-11,src/pages/2025/25-11/25-11-11/Clock.tsx,8,0,0,0,1,0,0,1,0,1,0,1,0,1,0
25-11-12,src/pages/2025/25-11/25-11-12/Clock.tsx,9,0,0,0,0,0,0,1,1,1,0,0,0,1,0
25-11-13,src/pages/2025/25-11/25-11-13/Clock.tsx,3,1,1,1,1,0,1,1,1,0,0,0,1,0,1
25-11-14,src/pages/2025/25-11/25-11-14/Clock.tsx,7,0,0,0,0,0,0,1,0,0,0,0,0,1,0
25-11-15,src/pages/2025/25-11/25-11-15/Clock.tsx,8,0,0,0,0,0,0,1,1,0,0,0,0,1,0
25-11-16,src/pages/2025/25-11/25-11-16/Clock.tsx,7,0,0,0,0,0,0,1,0,0,0,0,0,1,0
25-11-17,src/pages/2025/25-11/25-11-17/Clock.tsx,9,0,0,0,0,0,0,1,0,1,0,1,0,1,0
25-11-18,src/pages/2025/25-11/25-11-18/Clock.tsx,1,1,1,1,1,1,0,1,0,0,0,0,0,0,1
25-11-19,src/pages/2025/25-11/25-11-19/Clock.tsx,9,0,0,0,0,0,0,0,1,0,0,0,0,1,0
25-11-20,src/pages/2025/25-11/25-11-20/Clock.tsx,7,0,0,0,0,0,0,1,0,0,0,0,0,1,0
25-11-21,src/pages/2025/25-11/25-11-21/Clock.tsx,8,0,0,1,0,0,0,1,0,0,0,1,1,1,1
25-11-22,src/pages/2025/25-11/25-11-22/Clock.tsx,8,0,0,0,0,0,0,1,1,0,0,0,0,1,0
25-11-23,src/pages/2025/25-11/25-11-23/Clock.tsx,9,0,0,0,0,0,0,1,1,1,0,0,0,1,0
25-11-24,src/pages/2025/25-11/25-11-24/Clock.tsx,10,0,0,0,0,0,0,0,0,1,0,1,0,1,0
25-11-25,src/pages/2025/25-11/25-11-25/Clock.tsx,7,0,0,1,0,0,0,1,1,0,0,0,0,1,1
25-11-26,src/pages/2025/25-11/25-11-26/Clock.tsx,8,0,0,0,0,0,0,1,1,0,0,0,0,1,0
25-11-27,src/pages/2025/25-11/25-11-27/Clock.tsx,8,0,0,1,0,0,0,1,1,0,0,0,1,1,1
25-11-28,src/pages/2025/25-11/25-11-28/Clock.tsx,5,1,0,1,1,0,0,1,1,0,0,1,0,0,1
25-11-29,src/pages/2025/25-11/25-11-29/Clock.tsx,9,0,0,0,0,0,0,1,1,0,0,1,0,1,0
25-11-30,src/pages/2025/25-11/25-11-30/Clock.tsx,7,0,0,1,0,0,0,1,1,0,0,0,0,1,1
25-12-01,src/pages/2025/25-12/25-12-01/Clock.tsx,6,0,1,0,0,0,0,1,0,0,0,0,0,1,0
25-12-02,src/pages/2025/25-12/25-12-02/Clock.tsx,8,0,0,0,0,0,0,1,0,0,0,1,0,1,0
25-12-03,src/pages/2025/25-12/25-12-03/Clock.tsx,7,0,0,1,1,0,0,1,1,0,0,1,0,1,1
25-12-04,src/pages/2025/25-12/25-12-04/Clock.tsx,9,0,0,0,0,0,0,1,0,1,0,1,0,1,0
25-12-05,src/pages/2025/25-12/25-12-05/Clock.tsx,8,0,0,1,0,0,0,1,0,0,0,1,1,1,1
25-12-06,src/pages/2025/25-12/25-12-06/Clock.tsx,8,0,0,0,0,0,0,1,0,0,0,1,0,1,0
25-12-07,src/pages/2025/25-12/25-12-07/Clock.tsx,8,0,0,0,0,0,0,1,0,0,0,1,0,1,0
25-12-08,src/pages/2025/25-12/25-12-08/Clock.tsx,8,0,0,0,0,0,0,1,0,0,0,1,0,1,0
25-12-09,src/pages/2025/25-12/25-12-09/Clock.tsx,9,0,0,0,0,0,0,1,0,1,0,1,0,1,0
25-12-10,src/pages/2025/25-12/25-12-10/Clock.tsx,9,0,0,0,0,0,0,1,0,1,0,1,0,1,0
25-12-11,src/pages/2025/25-12/25-12-11/Clock.tsx,8,0,0,0,0,0,0,1,0,0,0,1,0,1,0
25-12-12,src/pages/2025/25-12/25-12-12/Clock.tsx,8,0,0,0,0,0,0,1,0,0,0,1,0,1,0
25-12-13,src/pages/2025/25-12/25-12-13/Clock.tsx,9,0,0,0,0,0,0,1,0,1,0,1,0,1,0
25-12-14,src/pages/2025/25-12/25-12-14/Clock.tsx,10,0,0,0,0,0,0,0,0,1,0,1,0,1,0
25-12-15,src/pages/2025/25-12/25-12-15/Clock.tsx,9,0,0,0,0,0,0,0,0,0,0,1,0,1,0
25-12-16,src/pages/2025/25-12/25-12-16/Clock.tsx,9,0,0,0,0,0,0,1,1,1,0,0,0,1,0
25-12-17,src/pages/2025/25-12/25-12-17/Clock.tsx,8,0,0,0,0,0,0,1,1,0,0,0,0,1,0
25-12-18,src/pages/2025/25-12/25-12-18/Clock.tsx,9,0,0,0,0,0,0,1,1,1,0,0,0,1,0
25-12-19,src/pages/2025/25-12/25-12-19/Clock.tsx,9,0,0,0,0,0,0,1,1,1,0,0,0,1,0
25-12-20,src/pages/2025/25-12/25-12-20/Clock.tsx,5,1,0,0,0,0,0,1,0,0,0,0,0,0,0
25-12-21,src/pages/2025/25-12/25-12-21/Clock.tsx,8,0,0,0,1,0,0,1,0,1,0,1,0,1,0
25-12-22,src/pages/2025/25-12/25-12-22/Clock.tsx,7,0,0,0,0,0,0,1,0,0,0,0,0,1,0
25-12-23,src/pages/2025/25-12/25-12-23/Clock.tsx,8,0,0,0,0,0,0,1,1,0,0,0,0,1,0
25-12-24,src/pages/2025/25-12/25-12-24/Clock.tsx,8,0,0,0,0,0,0,1,1,0,0,0,0,1,0
25-12-25,src/pages/2025/25-12/25-12-25/Clock.tsx,7,0,0,0,1,0,0,1,0,0,0,1,0,1,0
25-12-26,src/pages/2025/25-12/25-12-26/Clock.tsx,9,0,0,0,0,0,0,1,1,1,0,0,0,1,0
25-12-27,src/pages/2025/25-12/25-12-27/Clock.tsx,8,0,0,0,0,0,0,1,1,0,0,0,0,1,0
25-12-28,src/pages/2025/25-12/25-12-28/Clock.tsx,9,0,0,0,0,0,0,1,1,1,0,0,0,1,0
25-12-29,src/pages/2025/25-12/25-12-29/Clock.tsx,8,0,0,0,0,0,0,1,1,0,0,0,0,1,0
25-12-30,src/pages/2025/25-12/25-12-30/Clock.tsx,6,0,1,0,0,0,0,1,0,0,0,0,0,1,0
25-12-31,src/pages/2025/25-12/25-12-31/Clock.tsx,8,0,0,0,0,0,0,1,0,0,0,1,0,1,0
26-01-01,src/pages/2026/26-01/26-01-01/Clock.tsx,11,0,0,0,0,0,0,0,0,1,1,1,0,1,0
26-01-02,src/pages/2026/26-01/26-01-02/Clock.tsx,10,0,0,0,0,0,0,0,1,1,0,0,0,1,0
26-01-03,src/pages/2026/26-01/26-01-03/Clock.tsx,9,0,0,0,0,0,0,1,1,1,0,0,0,1,0
26-01-04,src/pages/2026/26-01/26-01-04/Clock.tsx,9,0,0,0,0,0,0,1,1,1,0,0,0,1,1
26-01-05,src/pages/2026/26-01/26-01-05/Clock.tsx,10,0,0,0,0,0,0,0,1,0,0,1,0,1,0
26-01-06,src/pages/2026/26-01/26-01-06/Clock.tsx,9,0,0,0,0,0,0,1,1,1,0,0,0,1,0
26-01-07,src/pages/2026/26-01/26-01-07/Clock.tsx,8,0,0,1,0,0,0,1,1,0,0,0,1,1,1
26-01-08,src/pages/2026/26-01/26-01-08/Clock.tsx,7,0,0,0,0,0,0,1,0,0,0,0,0,1,0
26-01-09,src/pages/2026/26-01/26-01-09/Clock.tsx,8,0,0,0,0,0,0,1,0,0,0,1,0,1,0
26-01-10,src/pages/2026/26-01/26-01-10/Clock.tsx,1,1,1,1,1,0,1,1,0,0,0,0,0,0,1
26-01-11,src/pages/2026/26-01/26-01-11/Clock.tsx,9,0,0,0,0,0,0,1,1,1,0,0,0,1,0
26-01-12,src/pages/2026/26-01/26-01-12/Clock.tsx,9,0,0,0,0,0,0,1,1,1,0,0,0,1,0
26-01-13,src/pages/2026/26-01/26-01-13/Clock.tsx,7,0,0,0,0,0,0,1,0,0,0,0,0,1,0
26-01-14,src/pages/2026/26-01/26-01-14/Clock.tsx,8,0,0,0,0,0,0,1,1,0,0,0,0,1,0
26-01-15,src/pages/2026/26-01/26-01-15/Clock.tsx,8,0,0,0,0,0,0,1,1,0,0,0,0,1,0
26-01-16,src/pages/2026/26-01/26-01-16/Clock.tsx,8,0,0,0,0,0,0,1,0,1,0,0,0,1,0
26-01-17,src/pages/2026/26-01/26-01-17/Clock.tsx,8,0,0,0,0,0,0,1,1,0,0,0,0,1,0
26-01-18,src/pages/2026/26-01/26-01-18/Clock.tsx,7,0,0,0,0,0,0,1,0,0,0,0,0,1,0
26-01-19,src/pages/2026/26-01/26-01-19/Clock.tsx,4,1,1,1,0,0,0,1,0,0,0,0,1,0,1
26-01-20,src/pages/2026/26-01/26-01-20/Clock.tsx,6,0,0,1,1,0,0,1,0,0,0,1,0,1,1
26-01-21,src/pages/2026/26-01/26-01-21/Clock.tsx,7,0,0,0,0,0,0,1,0,0,0,0,0,1,0
26-01-22,src/pages/2026/26-01/26-01-22/Clock.tsx,7,0,0,0,1,0,0,1,0,0,0,1,0,1,0
26-01-23,src/pages/2026/26-01/26-01-23/Clock.tsx,7,0,0,1,0,0,0,1,0,0,0,0,1,1,1
26-01-24,src/pages/2026/26-01/26-01-24/Clock.tsx,1,1,1,1,1,1,0,1,0,0,0,0,0,0,1
26-01-25,src/pages/2026/26-01/26-01-25/Clock.tsx,8,0,0,0,0,0,0,1,1,0,0,0,0,1,0
26-01-26,src/pages/2026/26-01/26-01-26/Clock.tsx,9,0,0,0,0,0,0,0,1,0,0,0,0,1,0
26-01-27,src/pages/2026/26-01/26-01-27/Clock.tsx,10,0,0,0,0,0,0,0,1,0,1,0,0,1,0
26-01-28,src/pages/2026/26-01/26-01-28/Clock.tsx,7,0,0,0,0,0,0,1,0,0,0,0,0,1,0
26-01-29,src/pages/2026/26-01/26-01-29/Clock.tsx,6,0,1,0,0,0,0,1,0,0,0,0,0,1,0
26-01-30,src/pages/2026/26-01/26-01-30/Clock.tsx,8,0,0,0,0,0,0,1,1,0,0,0,0,1,0
26-01-31,src/pages/2026/26-01/26-01-31/Clock.tsx,6,1,0,1,0,0,0,1,0,0,0,1,1,0,1
26-02-01,src/pages/2026/26-02/26-02-01/Clock.tsx,6,0,1,1,0,0,0,1,0,0,0,0,1,1,1
26-02-02,src/pages/2026/26-02/26-02-02/Clock.tsx,7,0,1,0,0,0,0,1,0,1,0,0,0,1,0
26-02-03,src/pages/2026/26-02/26-02-03/Clock.tsx,6,0,1,0,0,0,0,1,0,0,0,0,0,1,0
26-02-04,src/pages/2026/26-02/26-02-04/Clock.tsx,6,0,1,1,0,0,0,1,0,0,0,0,1,1,1
26-02-05,src/pages/2026/26-02/26-02-05/Clock.tsx,6,0,1,0,0,0,0,1,0,0,0,0,0,1,0
26-02-06,src/pages/2026/26-02/26-02-06/Clock.tsx,6,0,1,0,0,0,0,1,0,0,0,0,0,1,0
26-02-07,src/pages/2026/26-02/26-02-07/Clock.tsx,7,0,1,0,0,0,0,1,0,1,0,0,0,1,0
26-02-08,src/pages/2026/26-02/26-02-08/Clock.tsx,6,0,1,0,0,0,0,1,0,0,0,0,0,1,0
26-02-09,src/pages/2026/26-02/26-02-09/Clock.tsx,8,0,0,0,0,0,0,1,1,0,0,0,0,1,0
26-02-10,src/pages/2026/26-02/26-02-10/Clock.tsx,6,0,1,0,0,0,0,1,0,0,0,0,0,1,0
26-02-11,src/pages/2026/26-02/26-02-11/Clock.tsx,7,0,1,0,0,0,0,1,0,1,0,0,0,1,0
26-02-12,src/pages/2026/26-02/26-02-12/Clock.tsx,6,0,1,0,0,0,0,1,0,0,0,0,0,1,0
26-02-13,src/pages/2026/26-02/26-02-13/Clock.tsx,8,0,0,1,0,0,0,1,0,0,0,1,1,1,1
26-02-14,src/pages/2026/26-02/26-02-14/Clock.tsx,6,0,1,0,0,0,0,1,0,0,0,0,0,1,0
26-02-15,src/pages/2026/26-02/26-02-15/Clock.tsx,6,0,1,0,0,0,0,1,0,0,0,0,0,1,0
26-02-16,src/pages/2026/26-02/26-02-16/Clock.tsx,4,0,1,1,0,0,1,1,0,0,0,0,0,1,1
26-02-17,src/pages/2026/26-02/26-02-17/Clock.tsx,9,0,0,0,0,0,0,1,1,1,0,0,0,1,0
26-02-18,src/pages/2026/26-02/26-02-18/Clock.tsx,6,0,1,0,0,0,0,1,0,0,0,0,0,1,0
26-02-19,src/pages/2026/26-02/26-02-19/Clock.tsx,7,0,1,0,0,0,0,1,0,1,0,0,0,1,0
26-02-20,src/pages/2026/26-02/26-02-20/Clock.tsx,6,0,1,0,0,0,0,1,0,0,0,0,0,1,0
26-02-21,src/pages/2026/26-02/26-02-21/Clock.tsx,7,0,1,0,0,0,0,1,0,1,0,0,0,1,0
26-02-22,src/pages/2026/26-02/26-02-22/Clock.tsx,6,0,1,0,0,0,0,1,0,0,0,0,0,1,0
26-02-23,src/pages/2026/26-02/26-02-23/Clock.tsx,7,0,1,0,0,0,0,1,0,1,0,0,0,1,0
26-02-24,src/pages/2026/26-02/26-02-24/Clock.tsx,8,0,0,0,0,0,0,1,0,0,0,1,0,1,0
26-02-25,src/pages/2026/26-02/26-02-25/Clock.tsx,6,0,1,0,0,0,0,1,0,0,0,0,0,1,0
26-02-26,src/pages/2026/26-02/26-02-26/Clock.tsx,7,0,1,0,0,0,0,1,0,1,0,0,0,1,0
26-02-27,src/pages/2026/26-02/26-02-27/Clock.tsx,7,0,1,0,0,0,0,1,0,1,0,0,0,1,0
26-02-28,src/pages/2026/26-02/26-02-28/Clock.tsx,6,0,1,0,0,0,0,1,0,0,0,0,0,1,0
26-03-01,src/pages/2026/26-03/26-03-01/Clock.tsx,5,0,1,1,0,0,0,1,0,0,0,0,0,1,1
26-03-02,src/pages/2026/26-03/26-03-02/Clock.tsx,6,0,1,1,0,0,0,1,0,0,0,0,1,1,1
26-03-03,src/pages/2026/26-03/26-03-03/Clock.tsx,8,0,1,0,0,0,0,0,0,1,0,0,0,1,0
26-03-04,src/pages/2026/26-03/26-03-04/Clock.tsx,7,0,1,0,0,0,0,0,0,0,0,0,0,1,0
26-03-05,src/pages/2026/26-03/26-03-05/Clock.tsx,8,0,1,0,0,0,0,1,1,1,0,0,0,1,0
26-03-06,src/pages/2026/26-03/26-03-06/Clock.tsx,6,0,1,0,0,0,0,1,0,0,0,0,0,1,0
26-03-07,src/pages/2026/26-03/26-03-07/Clock.tsx,7,0,1,0,0,0,0,1,0,1,0,0,0,1,0
26-03-08,src/pages/2026/26-03/26-03-08/Clock.tsx,6,0,0,1,1,0,0,1,0,0,0,1,0,1,1
26-03-09,src/pages/2026/26-03/26-03-09/Clock.tsx,7,0,1,0,0,0,0,0,0,0,0,0,0,1,0
26-03-10,src/pages/2026/26-03/26-03-10/Clock.tsx,6,0,1,0,0,0,0,1,0,0,0,0,0,1,0
26-03-11,src/pages/2026/26-03/26-03-11/Clock.tsx,7,0,1,0,0,0,0,1,0,1,0,0,0,1,0
26-03-12,src/pages/2026/26-03/26-03-12/Clock.tsx,7,0,1,0,0,0,0,1,0,1,0,0,0,1,0
26-03-13,src/pages/2026/26-03/26-03-13/Clock.tsx,7,0,1,0,0,0,0,1,0,1,0,0,0,1,0
26-03-14,src/pages/2026/26-03/26-03-14/Clock.tsx,6,0,1,0,0,0,0,1,0,0,0,0,0,1,0
26-03-15,src/pages/2026/26-03/26-03-15/Clock.tsx,6,0,1,1,0,0,0,1,0,0,0,0,1,1,1
26-03-16,src/pages/2026/26-03/26-03-16/Clock.tsx,6,0,1,0,0,0,0,1,0,0,0,0,0,1,0
26-03-17,src/pages/2026/26-03/26-03-17/Clock.tsx,7,0,1,0,0,0,0,1,0,1,0,0,0,1,0
26-03-18,src/pages/2026/26-03/26-03-18/Clock.tsx,7,0,1,0,0,0,0,1,0,1,0,0,0,1,0
26-03-19,src/pages/2026/26-03/26-03-19/Clock.tsx,6,0,1,0,0,0,0,1,0,0,0,0,0,1,0
26-03-20,src/pages/2026/26-03/26-03-20/Clock.tsx,6,0,1,1,0,0,0,1,0,0,0,0,1,1,1
26-03-21,src/pages/2026/26-03/26-03-21/Clock.tsx,5,0,1,1,0,0,0,1,0,0,0,0,0,1,1
26-03-22,src/pages/2026/26-03/26-03-22/Clock.tsx,4,0,1,1,0,0,1,1,0,0,0,0,0,1,1
26-03-23,src/pages/2026/26-03/26-03-23/Clock.tsx,6,0,1,1,0,0,0,1,0,0,0,0,1,1,1
26-03-24,src/pages/2026/26-03/26-03-24/Clock.tsx,8,0,0,1,0,0,1,1,1,1,0,0,1,1,1
26-03-25,src/pages/2026/26-03/26-03-25/Clock.tsx,6,0,1,1,0,0,0,1,0,0,0,0,1,1,1
26-03-26,src/pages/2026/26-03/26-03-26/Clock.tsx,7,0,1,1,0,0,0,0,0,0,0,0,1,1,1
26-03-27,src/pages/2026/26-03/26-03-27/Clock.tsx,7,0,1,1,0,0,0,0,0,0,0,0,1,1,1
26-03-28,src/pages/2026/26-03/26-03-28/Clock.tsx,6,0,1,1,0,0,0,1,0,0,0,0,1,1,1
26-03-29,src/pages/2026/26-03/26-03-29/Clock.tsx,8,0,0,1,0,0,0,0,0,0,0,0,1,1,1
26-03-30,src/pages/2026/26-03/26-03-30/Clock.tsx,6,0,1,1,0,0,0,1,0,0,0,0,1,1,1
26-03-31,src/pages/2026/26-03/26-03-31/Clock.tsx,6,0,1,1,0,0,0,1,0,0,0,0,1,1,1
26-04-01,src/pages/2026/26-04/26-04-01/Clock.tsx,8,0,0,1,0,0,0,1,0,0,0,1,1,1,1
26-04-02,src/pages/2026/26-04/26-04-02/Clock.tsx,8,0,0,1,0,0,0,1,0,0,0,1,1,1,1
26-04-03,src/pages/2026/26-04/26-04-03/Clock.tsx,9,0,0,0,0,0,0,1,0,1,0,1,0,1,1
26-04-04,src/pages/2026/26-04/26-04-04/Clock.tsx,8,0,0,1,0,0,0,1,0,0,0,1,1,1,1
26-04-05,src/pages/2026/26-04/26-04-05/Clock.tsx,8,0,0,1,0,0,0,1,0,0,0,1,1,1,1
26-04-06,src/pages/2026/26-04/26-04-06/Clock.tsx,7,0,0,1,0,0,0,1,0,0,0,0,1,1,1
26-04-07,src/pages/2026/26-04/26-04-07/Clock.tsx,8,0,0,1,0,0,0,1,0,0,0,1,1,1,1
26-04-08,src/pages/2026/26-04/26-04-08/Clock.tsx,6,0,1,1,0,0,0,1,0,0,0,0,1,1,1
26-04-09,src/pages/2026/26-04/26-04-09/Clock.tsx,8,0,0,1,0,0,0,1,0,0,0,1,1,1,1
26-04-10,src/pages/2026/26-04/26-04-10/Clock.tsx,6,0,1,1,0,0,0,1,0,0,0,0,1,1,1
26-04-11,src/pages/2026/26-04/26-04-11/Clock.tsx,8,0,0,1,0,0,0,1,0,0,0,1,1,1,1
26-04-12,src/pages/2026/26-04/26-04-12/Clock.tsx,8,0,0,1,0,0,0,1,0,0,0,1,1,1,1
26-04-13,src/pages/2026/26-04/26-04-13/Clock.tsx,7,0,0,1,0,0,0,1,0,0,0,0,1,1,1
26-04-14,src/pages/2026/26-04/26-04-14/Clock.tsx,5,0,0,1,1,0,0,1,0,0,0,0,0,1,1
26-04-15,src/pages/2026/26-04/26-04-15/Clock.tsx,3,1,1,1,1,0,0,1,0,0,0,0,1,0,1
26-04-16,src/pages/2026/26-04/26-04-16/Clock.tsx,7,0,0,1,0,0,0,1,0,0,0,1,0,1,1
26-04-17,src/pages/2026/26-04/26-04-17/Clock.tsx,8,0,0,1,0,0,0,1,0,0,0,1,1,1,1
26-04-18,src/pages/2026/26-04/26-04-18/Clock.tsx,6,1,0,1,0,0,0,1,0,0,0,1,1,0,1
26-04-19,src/pages/2026/26-04/26-04-19/Clock.tsx,8,0,0,1,0,0,0,1,0,0,0,1,1,1,1
26-04-20,src/pages/2026/26-04/26-04-20/Clock.tsx,6,1,0,1,0,0,0,1,0,0,0,1,1,0,1
26-04-21,src/pages/2026/26-04/26-04-21/Clock.tsx,7,0,0,1,0,0,0,1,0,0,0,1,0,1,1
26-04-22,src/pages/2026/26-04/26-04-22/Clock.tsx,6,1,0,1,0,0,0,1,0,0,0,1,1,0,1
26-04-23,src/pages/2026/26-04/26-04-23/Clock.tsx,8,0,0,1,0,0,0,1,0,0,0,1,1,1,1
26-04-24,src/pages/2026/26-04/26-04-24/Clock.tsx,8,0,0,1,0,0,0,1,0,0,0,1,1,1,1
26-04-25,src/pages/2026/26-04/26-04-25/Clock.tsx,8,0,0,1,0,0,0,1,0,0,0,1,1,1,1
26-04-26,src/pages/2026/26-04/26-04-26/Clock.tsx,8,0,0,0,1,0,0,1,0,1,0,1,0,1,1
26-04-27,src/pages/2026/26-04/26-04-27/Clock.tsx,6,0,0,1,1,0,0,1,0,0,0,1,0,1,1
26-04-28,src/pages/2026/26-04/26-04-28/Clock.tsx,9,0,0,0,0,0,0,1,0,1,0,1,0,1,0
26-04-29,src/pages/2026/26-04/26-04-29/Clock.tsx,7,0,0,1,1,0,0,1,0,0,0,1,1,1,1
26-04-30,src/pages/2026/26-04/26-04-30/Clock.tsx,7,0,0,1,1,0,0,1,0,0,0,1,1,1,1
26-05-01,src/pages/2026/26-05/26-05-01/Clock.tsx,5,0,1,1,1,0,0,1,0,0,0,0,1,1,1
26-05-02,src/pages/2026/26-05/26-05-02/Clock.tsx,3,1,1,1,1,0,0,1,0,0,0,0,1,0,1
26-05-03,src/pages/2026/26-05/26-05-03/Clock.tsx,5,0,1,1,0,0,0,1,0,0,0,0,0,1,1
26-05-04,src/pages/2026/26-05/26-05-04/Clock.tsx,8,0,1,0,0,0,0,0,0,1,0,0,0,1,0
26-05-05,src/pages/2026/26-05/26-05-05/Clock.tsx,2,1,1,1,1,0,0,1,0,0,0,0,0,0,1
26-05-06,src/pages/2026/26-05/26-05-06/Clock.tsx,8,0,0,0,0,0,0,0,0,0,0,0,0,1,0
26-05-07,src/pages/2026/26-05/26-05-07/Clock.tsx,2,1,1,1,1,0,0,1,0,0,0,0,0,0,1
26-05-08,src/pages/2026/26-05/26-05-08/Clock.tsx,6,0,1,1,0,0,0,1,0,0,0,0,1,1,1
26-05-09,src/pages/2026/26-05/26-05-09/Clock.tsx,2,1,1,1,1,0,0,1,0,0,0,0,0,0,1
26-05-10,src/pages/2026/26-05/26-05-10/Clock.tsx,5,0,1,1,1,0,0,1,0,0,0,0,1,1,1
26-05-11,src/pages/2026/26-05/26-05-11/Clock.tsx,5,0,1,1,1,0,0,1,1,0,0,0,0,1,1
26-05-12,src/pages/2026/26-05/26-05-12/Clock.tsx,4,1,1,1,0,0,0,1,0,0,0,0,1,0,1
26-05-13,src/pages/2026/26-05/26-05-13/Clock.tsx,4,1,1,1,0,0,0,1,0,0,0,0,1,0,1
26-05-14,src/pages/2026/26-05/26-05-14/Clock.tsx,4,0,1,1,1,0,0,1,0,0,0,0,0,1,1
26-05-15,src/pages/2026/26-05/26-05-15/Clock.tsx,2,1,1,1,1,0,0,1,0,0,0,0,0,0,1
26-05-16,src/pages/2026/26-05/26-05-16/Clock.tsx,2,1,1,1,1,0,0,1,0,0,0,0,0,0,1
26-05-17,src/pages/2026/26-05/26-05-17/Clock.tsx,5,0,1,1,1,0,0,1,0,0,0,0,1,1,1
26-05-18,src/pages/2026/26-05/26-05-18/Clock.tsx,2,1,1,1,1,0,1,1,0,0,0,0,1,0,1
26-05-19,src/pages/2026/26-05/26-05-19/Clock.tsx,5,1,0,1,1,0,0,1,0,0,0,1,1,0,1
26-05-20,src/pages/2026/26-05/26-05-20/Clock.tsx,5,0,1,1,1,0,0,1,1,0,0,0,0,1,1
26-05-21,src/pages/2026/26-05/26-05-21/Clock.tsx,4,1,0,1,1,0,0,1,0,0,0,0,1,0,1
26-05-22,src/pages/2026/26-05/26-05-22/Clock.tsx,4,1,0,1,1,0,0,1,0,0,0,1,0,0,1
26-05-23,src/pages/2026/26-05/26-05-23/Clock.tsx,7,0,0,0,1,0,0,1,0,0,0,1,0,1,0
26-05-24,src/pages/2026/26-05/26-05-24/Clock.tsx,6,1,0,0,0,0,0,1,0,0,0,1,0,0,0
26-05-25,src/pages/2026/26-05/26-05-25/Clock.tsx,7,0,0,1,1,0,0,1,0,0,0,1,1,1,1
26-05-26,src/pages/2026/26-05/26-05-26/Clock.tsx,8,0,0,1,0,0,0,1,0,0,0,1,1,1,1
26-05-27,src/pages/2026/26-05/26-05-27/Clock.tsx,1,1,1,1,1,0,1,1,0,0,0,0,0,0,1
26-05-28,src/pages/2026/26-05/26-05-28/Clock.tsx,5,1,0,1,0,0,1,1,0,0,0,1,1,0,1
26-05-29,src/pages/2026/26-05/26-05-29/Clock.tsx,5,1,0,1,1,0,0,1,0,0,0,1,1,0,1
26-05-30,src/pages/2026/26-05/26-05-30/Clock.tsx,4,1,0,0,0,0,1,1,0,0,0,0,0,0,0
26-05-31,src/pages/2026/26-05/26-05-31/Clock.tsx,3,1,0,1,1,0,1,1,0,0,0,0,1,0,1
26-06-01,src/pages/2026/26-06/26-06-01/Clock.tsx,6,0,1,1,0,0,0,1,0,0,0,0,1,1,1
26-06-02,src/pages/2026/26-06/26-06-02/Clock.tsx,6,1,0,1,1,0,0,1,1,0,0,1,1,0,1
26-06-03,src/pages/2026/26-06/26-06-03/Clock.tsx,1,1,1,1,1,1,0,1,0,0,0,0,0,0,1
26-06-04,src/pages/2026/26-06/26-06-04/Clock.tsx,2,1,1,1,1,1,0,1,0,0,0,0,1,0,1
26-06-05,src/pages/2026/26-06/26-06-05/Clock.tsx,3,1,1,1,1,0,0,1,0,0,0,0,1,0,1
26-06-06,src/pages/2026/26-06/26-06-06/Clock.tsx,5,1,0,1,0,0,0,1,0,0,0,0,1,0,1
26-06-07,src/pages/2026/26-06/26-06-07/Clock.tsx,4,1,1,1,0,0,0,1,0,0,0,0,1,0,1
26-06-08,src/pages/2026/26-06/26-06-08/Clock.tsx,6,0,1,0,0,0,0,1,0,0,0,0,0,1,0
26-06-09,src/pages/2026/26-06/26-06-09/Clock.tsx,4,1,1,1,1,0,0,1,1,0,0,0,1,0,1
26-06-10,src/pages/2026/26-06/26-06-10/Clock.tsx,2,1,1,1,1,0,0,1,0,0,0,0,0,0,1
26-06-11,src/pages/2026/26-06/26-06-11/Clock.tsx,2,1,1,1,1,0,1,1,0,0,1,0,0,0,1
26-06-12,src/pages/2026/26-06/26-06-12/Clock.tsx,6,1,0,0,0,0,0,1,0,0,0,1,0,0,0
26-06-13,src/pages/2026/26-06/26-06-13/Clock.tsx,5,0,1,1,1,0,0,1,0,0,0,0,1,1,1
26-06-14,src/pages/2026/26-06/26-06-14/Clock.tsx,6,1,0,0,0,0,0,1,0,0,0,1,0,0,0
26-06-15,src/pages/2026/26-06/26-06-15/Clock.tsx,3,1,1,0,1,0,0,1,0,0,0,0,0,0,0
26-06-16,src/pages/2026/26-06/26-06-16/Clock.tsx,7,0,0,1,0,0,0,1,0,0,0,1,0,1,1
26-06-17,src/pages/2026/26-06/26-06-17/Clock.tsx,1,1,1,1,1,0,1,1,0,0,0,0,0,0,1
26-06-18,src/pages/2026/26-06/26-06-18/Clock.tsx,7,0,0,0,0,0,0,1,0,0,0,0,0,1,0
26-06-19,src/pages/2026/26-06/26-06-19/Clock.tsx,1,1,1,1,1,0,1,1,0,0,0,0,0,0,1
26-06-20,src/pages/2026/26-06/26-06-20/Clock.tsx,7,1,0,0,0,0,0,1,0,1,0,1,0,0,0
26-06-21,src/pages/2026/26-06/26-06-21/Clock.tsx,3,1,1,0,1,0,0,1,0,0,0,0,0,0,0
26-06-22,src/pages/2026/26-06/26-06-22/Clock.tsx,6,0,0,0,0,0,1,1,0,0,0,0,0,1,0
26-06-23,src/pages/2026/26-06/26-06-23/Clock.tsx,4,1,1,0,0,0,1,1,0,1,0,0,0,0,0
26-06-24,src/pages/2026/26-06/26-06-24/Clock.tsx,4,1,1,0,0,0,0,1,0,0,0,0,0,0,0
26-06-25,src/pages/2026/26-06/26-06-25/Clock.tsx,4,1,0,0,0,0,1,1,0,0,0,0,0,0,0
26-06-26,src/pages/2026/26-06/26-06-26/Clock.tsx,3,1,1,0,1,0,0,1,0,0,0,0,0,0,0
26-06-27,src/pages/2026/26-06/26-06-27/Clock.tsx,4,1,1,0,0,0,0,1,0,0,0,0,0,0,0
26-06-28,src/pages/2026/26-06/26-06-28/Clock.tsx,8,0,0,0,0,0,0,1,1,0,0,0,0,1,0
26-06-29,src/pages/2026/26-06/26-06-29/Clock.tsx,5,0,1,0,1,0,0,1,0,0,0,0,0,1,1
26-06-30,src/pages/2026/26-06/26-06-30/Clock.tsx,4,1,1,0,0,0,0,1,0,0,0,0,0,0,0
26-07-01,src/pages/2026/26-07/26-07-01/Clock.tsx,3,0,1,1,1,0,1,1,0,0,0,0,0,1,1
26-07-02,src/pages/2026/26-07/26-07-02/Clock.tsx,6,1,0,0,0,0,0,1,1,0,0,0,0,0,0
26-07-03,src/pages/2026/26-07/26-07-03/Clock.tsx,3,1,1,1,0,0,0,1,0,0,0,0,0,0,1
26-07-04,src/pages/2026/26-07/26-07-04/Clock.tsx,3,1,1,0,1,0,0,1,0,0,0,0,0,0,0
26-07-05,src/pages/2026/26-07/26-07-05/Clock.tsx,3,1,1,1,1,0,0,1,0,0,0,0,1,0,1
26-07-06,src/pages/2026/26-07/26-07-06/Clock.tsx,8,1,0,0,0,0,0,1,1,1,0,1,0,0,0
26-07-07,src/pages/2026/26-07/26-07-07/Clock.tsx,6,1,0,0,1,0,0,1,0,1,0,1,0,0,0
26-07-08,src/pages/2026/26-07/26-07-08/Clock.tsx,0,1,1,1,1,1,1,1,0,0,0,0,0,0,1
26-07-09,src/pages/2026/26-07/26-07-09/Clock.tsx,4,1,0,0,1,0,0,1,0,0,0,0,0,0,1
26-07-10,src/pages/2026/26-07/26-07-10/Clock.tsx,1,1,1,1,1,1,0,1,0,0,0,0,0,0,1
26-07-11,src/pages/2026/26-07/26-07-11/Clock.tsx,5,0,1,1,1,0,0,1,0,0,0,0,1,1,1
26-07-12,src/pages/2026/26-07/26-07-12/Clock.tsx,5,1,0,0,0,0,0,1,0,0,0,0,0,0,1
26-07-13,src/pages/2026/26-07/26-07-13/Clock.tsx,4,1,1,0,1,0,0,1,0,1,0,0,0,0,1
26-07-14,src/pages/2026/26-07/26-07-14/Clock.tsx,3,1,1,1,1,0,0,1,0,0,0,0,1,0,1
26-07-15,src/pages/2026/26-07/26-07-15/Clock.tsx,1,1,1,1,1,1,0,1,0,0,0,0,0,0,1
26-07-16,src/pages/2026/26-07/26-07-16/Clock.tsx,2,1,1,1,1,1,0,1,0,0,0,0,1,0,1
26-07-17,src/pages/2026/26-07/26-07-17/Clock.tsx,6,0,1,0,1,0,0,1,0,1,0,0,0,1,1
26-07-18,src/pages/2026/26-07/26-07-18/Clock.tsx,5,0,1,0,1,0,0,1,0,0,0,0,0,1,1
26-07-19,src/pages/2026/26-07/26-07-19/Clock.tsx,6,0,0,1,1,0,0,1,0,0,0,1,0,1,1
26-07-20,src/pages/2026/26-07/26-07-20/Clock.tsx,1,1,1,1,1,0,1,1,0,0,0,0,0,0,1
26-07-21,src/pages/2026/26-07/26-07-21/Clock.tsx,5,1,0,1,1,0,0,1,0,0,0,1,1,0,1
26-07-22,src/pages/2026/26-07/26-07-22/Clock.tsx,1,1,1,1,1,1,1,1,0,0,0,0,1,0,1
26-07-23,src/pages/2026/26-07/26-07-23/Clock.tsx,1,1,1,1,1,1,0,1,0,0,0,0,0,0,1
26-07-24,src/pages/2026/26-07/26-07-24/Clock.tsx,1,1,1,1,1,0,1,1,0,0,0,0,0,0,1
26-07-25,src/pages/2026/26-07/26-07-25/Clock.tsx,6,1,0,0,0,0,0,1,0,1,0,0,0,0,0
26-07-26,src/pages/2026/26-07/26-07-26/Clock.tsx,1,1,1,1,1,0,1,1,0,0,0,0,0,0,1
26-07-27,src/pages/2026/26-07/26-07-27/Clock.tsx,1,1,1,1,1,0,1,1,0,0,0,0,0,0,1
26-07-28,src/pages/2026/26-07/26-07-28/Clock.tsx,1,1,1,1,1,0,1,1,0,0,0,0,0,0,1
26-07-29,src/pages/2026/26-07/26-07-29/Clock.tsx,5,1,0,0,0,0,0,1,0,0,0,0,0,0,1
26-07-30,src/pages/2026/26-07/26-07-30/Clock.tsx,0,1,1,1,1,1,1,1,0,0,0,0,0,0,1
26-07-31,src/pages/2026/26-07/26-07-31/Clock.tsx,1,1,1,1,1,0,1,1,0,0,0,0,0,0,1
26-08-01,src/pages/2026/26-08/26-08-01/Clock.tsx,3,0,1,1,1,1,1,0,0,0,0,0,0,1,1
26-08-02,src/pages/2026/26-08/26-08-02/Clock.tsx,2,0,1,1,1,1,1,1,0,0,0,0,0,1,1
26-08-03,src/pages/2026/26-08/26-08-03/Clock.tsx,2,0,1,1,1,1,1,1,0,0,0,0,0,1,1
26-08-04,src/pages/2026/26-08/26-08-04/Clock.tsx,2,0,1,1,1,1,1,1,0,0,0,0,0,1,1
